,fullName,position,origin,destination
2,Isaiah Rogers,DL,Monmouth,Cincinnati
3,Austin Collins,IOL,Louisville,Syracuse
8,Sam Neely III,CB,Wake Forest,Stanford
10,Justus Boone,EDGE,Florida,Arkansas
18,Brody Richter,P,UCLA,Minnesota
31,Dekel Crowdus,WR,Hawai'i,Wisconsin
36,Donavon Platt,CB,Army,Virginia
37,Kendrick Gilbert,DL,Kentucky,Louisville
44,Roy Alexander,WR,Incarnate Word,Texas Tech
49,Jakobe Thomas,S,Tennessee,Miami
51,An'Darius Coffey,S,Northwestern,Purdue
53,Bryce Duke,RB,Old Dominion,Utah
57,Syeed Gibbs,CB,Georgia Tech,Kansas
59,Connor Calvert,K,Washington State,Wake Forest
61,Jahkai Lang,EDGE,Missouri,SMU
64,Michael Short,LB,North Carolina,Virginia Tech
67,Joseph Mupoyi,EDGE,Penn State,North Carolina
70,Jeffson Lafontant,DL,Bethune-Cookman,UCF
72,Emmett Morehead,QB,Old Dominion,Minnesota
87,Keionte Scott,CB,Houston,Miami
90,Keyan Burnett,TE,Kansas,Arizona
93,Harrison Taggart,LB,BYU,California
95,Garret Rangel,QB,Oklahoma State,Virginia Tech
96,Orion Irving,OT,Sam Houston,Vanderbilt
97,Da'Marcus Crosby,S,New Mexico State,Virginia
99,Luke Dunne,P,Oregon,Washington
101,Will Karoll,P,Tulane,UCLA
102,Stephen Daley,EDGE,Kent State,Indiana
108,Kendrick Raphael,RB,NC State,California
109,Talan Chandler,IOL,Missouri,Northwestern
110,Andrew Simpson,LB,Boise State,North Carolina
118,Nathan Knapik,OT,Idaho,Illinois
120,Eddie Kelly Jr.,DL,Missouri,West Virginia
129,Tayvion Beasley,S,San Diego State,BYU
137,Corey Smith,WR,Tulsa,Purdue
139,Waltclaire Flynn Jr.,IOL,UCF,Georgia
144,Darius Thomas,LB,Louisville,Oklahoma State
145,Bob Schick,IOL,Virginia Tech,Oklahoma State
150,Jarod Bowie,WR,Jacksonville State,West Virginia
153,Joseph Reddish,CB,Wingate,Virginia Tech
155,Jaidyn Doss,WR,Nebraska,Kansas
160,Moshood Giwa,OT,LIU Post,Rutgers
161,Gannon Burt,LS,Florida,North Carolina
163,Jacob Stewart,TE,San José State,Louisville
169,Davis Heinzen,IOL,Central Michigan,Wisconsin
170,Larry Simmons,WR,Southern Miss,Utah
174,Andy Jean,WR,Pittsburgh,Arkansas
182,Kavir Bains-Marquez,S,UC Davis,Pittsburgh
184,Tyler Onyedim,DL,Iowa State,Texas A&M
187,Braedyn Locke,QB,Wisconsin,Arizona
193,Adonis Friloux,DL,Tulane,Baylor
194,Siolaa Lolohea,DL,Utah State,Oklahoma
200,Leroy Harris III,EDGE,Chattanooga,Kansas
202,Ja'Maric Morris,CB,Georgia State,Virginia
203,Shahid Barros,CB,South Dakota,Iowa
206,Morrow Evans,LS,Ohio State,UCLA
207,Jayden Dixon-Veal,WR,Purdue,California
208,Eli Coenen,DL,Bemidji State,Illinois
214,Bear Bachmeier,QB,Stanford,BYU
228,Grant Mills,LS,North Carolina,Ohio State
233,Elhadj Fall,DL,Georgia Southern,Virginia Tech
239,Dane Pardridge,WR,Northern Illinois,Rutgers
240,Rayshawn Pleasant,CB,Tulane,Auburn
244,Johntay Cook,WR,Washington,Syracuse
245,Mark Hamper,WR,Wisconsin,California
249,Justin Cesaire,OT,New Haven,Rutgers
251,Antwone Santiago,LB,Temple,Virginia Tech
261,David Chapeau,P,Central Michigan,Louisville
263,Justin Smith-Brown,WR,South Carolina State,West Virginia
264,Josh Aisosa,IOL,Oklahoma,West Virginia
269,Walker Andersen,OT,UCLA,Colorado
275,Jonathan Agumadu,LB,Oklahoma State,North Carolina
276,Dilan Battle,DL,LSU,Utah
277,Jackson Courville,K,Ball State,Ohio State
279,Kellan Wyatt,EDGE,Maryland,Indiana
280,Connor Cameron,OT,Arizona State,Baylor
282,Tracy Revels,S,Bowling Green,Michigan State
286,Jarvis Boatwright Jr.,S,USC,Florida State
291,Boden Groen,TE,Rice,Kansas
296,Harold Stubbs IV,S,Florida State,Florida
297,Kam Pringle,IOL,South Carolina,Syracuse
298,John Nestor,CB,Iowa,Minnesota
299,Micah Hudson,WR,Texas A&M,Texas Tech
301,Trevor Allen,P,Adams State,Washington
305,Jonathan Brady,WR,California,Indiana
312,Elo Modozie,EDGE,Army,Georgia
314,Justin Kirkland,DL,Oklahoma State,BYU
323,Sam Secrest,IOL,Houston,Louisville
324,Jaylen Early,OT,Florida State,Missouri
334,Hykeem Williams,WR,Florida State,Colorado
338,Jack Hestera,WR,Utah State,Colorado
341,DeAndre Boykins,S,North Carolina,Oklahoma State
342,Bailey Benson,LB,Wake Forest,NC State
343,Lavon Johnson,DL,Maryland,Texas
350,Ja'Marion Kennedy,IOL,Louisiana Tech,Wake Forest
352,Jy Gilmore,S,Georgia State,Georgia Tech
355,Pierce Clarkson,QB,Ole Miss,UCLA
365,DK McGruder,CB,Tulane,Mississippi State
367,Isaac Smith,EDGE,Texas Tech,Michigan State
370,Justin Terry,OT,West Virginia,Ohio State
377,Will Reed,OT,Princeton,Georgia Tech
381,Jake Renda,TE,Pittsburgh,UCLA
382,John Lewis,LB,UNLV,West Virginia
388,Andre Roye Jr.,OT,Maryland,Colorado
389,Aymeric Koumba,EDGE,Michigan,UCF
393,Keayen Nead,TE,New Mexico,BYU
396,Noe Ruelas,K,James Madison,UCF
399,Eddie Walls III,EDGE,Florida International,Houston
400,Traveon Wright,CB,Mississippi State,Purdue
401,Joseph Adedire,EDGE,Texas Tech,NC State
402,Jacoby Mathews,S,Texas A&M,Auburn
403,Shamar Easter,TE,Arkansas,North Carolina
404,Jay Hardy,DL,Liberty,Auburn
410,Jaekwon Bouldin,OT,Purdue,Mississippi State
411,Damien Taylor,RB,Troy,Ole Miss
416,CharMar Brown,RB,North Dakota State,Miami
417,Wallace Unamba,OT,Kentucky,Virginia
422,Louis Brown IV,WR,Colorado State,Baylor
427,Jayden Williams,CB,Florida Atlantic,UCF
428,Nick Fattig,IOL,Texas Tech,Stanford
429,Benjamin Hall,RB,Michigan,North Carolina
434,Jaden Ball,IOL,Purdue,Minnesota
440,Carson Su'esu'e,TE,BYU,Oklahoma State
441,Jack Sadowsky V,LB,Iowa State,Northwestern
453,Eli Brickhandler,QB,Houston Christian,Ohio State
463,Yamir Knight,WR,James Madison,SMU
464,TD Williams,CB,Central Arkansas,Purdue
467,Lardarius Webb Jr.,CB,South Alabama,Wake Forest
473,Nick Taylor,CB,App State,West Virginia
482,Isaiah Spencer,WR,Jackson State,Virginia Tech
490,Jack McCallister,P,Nebraska,Purdue
494,Enrique Cruz Jr.,OT,Syracuse,Kansas
495,Rahkeem Smith,WR,Bowling Green,Georgia Tech
499,JC Hart,CB,Auburn,Utah
503,Mo Omonode,DL,Purdue,Minnesota
504,Cameron Jones,OT,James Madison,Kentucky
507,Bryce George,OT,Ferris State,Iowa
511,Josh Burney,DL,Fort Valley State,Purdue
513,Logan Ramper,WR,Slippery Rock,West Virginia
516,Maurice Williams II,S,Houston,Arizona State
528,TreyShun Hurry,WR,San José State,Louisville
530,Dillon Tatum,S,Michigan State,Northwestern
534,Jordan Owens,TE,Oklahoma State,North Carolina
535,Gavin Edwards,S,Austin Peay,Maryland
543,Quaron Adams,WR,South Dakota,California
545,E'Lla Boykin,LB,Wilson,Boston College
548,Blake Thompson,S,Louisiana Tech,Houston
550,Drew Doyle,LS,Iowa State,Virginia Tech
557,Josh Horton,DL,Miami,Georgia
558,Rob Fogler,OT,Ball State,Kentucky
572,Colin Coates,DL,Charlotte,Mississippi State
574,Grayson Barnes,TE,Northern Illinois,West Virginia
575,Zion Ferguson,CB,North Carolina,Pittsburgh
577,Alessandro Lorenzetti,OT,Michigan,Baylor
578,Oluwaseyi Omotosho,EDGE,Oregon State,West Virginia
580,Makai Byerson,EDGE,West Virginia,Boston College
584,James Ash,DL,Florida A&M,Auburn
586,Aakil Washington,EDGE,South Alabama,SMU
587,Caldra Williford,CB,Tennessee Tech,Baylor
591,Karate Brenson,WR,Tennessee State,Wake Forest
595,Harrison Waylee,RB,Wyoming,Virginia
600,Banks Bowen,QB,Tulsa,Oklahoma State
602,Jesus Machado,LB,Tulane,Houston
604,Cash Cleveland,IOL,Colorado,Texas Tech
608,Hunter Barth,LB,California,Stanford
609,Bralen Henderson,DL,Ohio,Missouri
612,Devin Grant,EDGE,Incarnate Word,West Virginia
614,Zacharyus Williams,WR,Utah,USC
615,Akelo Stone,DL,Ole Miss,Georgia Tech
621,Tyrence Crutcher,CB,West Florida,West Virginia
623,Cam Williams,EDGE,Georgia State,Michigan State
633,Chalil Cummings,CB,Memphis,Purdue
637,Dontavius Nash,CB,East Carolina,Michigan State
640,Jayvin James,OT,Maryland,Mississippi State
643,Ryne Shackelford,WR,Purdue,Baylor
644,Terez Davis,OT,Maryland,Ole Miss
648,Frank Mulipola,DL,Texas-Permian Basin,Arkansas
654,TJ Bush Jr.,EDGE,Liberty,California
657,Tyrell Green,IOL,Eastern Kentucky,Purdue
658,Amare Campbell,LB,North Carolina,Penn State
661,Alvin Puefua,DL,Hawai'i,BYU
665,Will Loerzel,TE,South Alabama,Wake Forest
671,Chase Meyer,K,Penn State,California
672,Beau Atkinson,EDGE,North Carolina,Ohio State
673,Cooper Lovelace,IOL,Northwestern,Colorado
676,Gavin Sawchuk,RB,Oklahoma,Florida State
680,Joseph Jefferson II,S,Western Michigan,Louisville
682,Christian Abney,TE,Ball State,Illinois
691,Rocco Milia,LB,Columbia,Michigan
695,Landen King,TE,Utah,Duke
708,Akim Lanieux,WR,Northern Illinois,Arizona State
710,Kade Hensley,K,Coastal Carolina,West Virginia
711,Gary Bryant III,LB,South Dakota,Syracuse
712,Jordan Scott,WR,Florida State,Maryland
717,D'Antre Robinson,DL,Florida,North Carolina
724,Max Drag,TE,App State,UCF
725,Breylon Charles,DL,North Texas,Purdue
727,John Volker,RB,Princeton,Michigan
732,Ryan Yaites,S,California,TCU
733,Shawqi Itraish,QB,Rice,Ole Miss
735,Tate Sandell,K,UTSA,Oklahoma
747,Gavin Blackwell,WR,North Carolina,Florida State
748,Ty Hudkins,S,Purdue,Iowa
757,Marques Easley,IOL,Georgia,Purdue
761,Rashad McKenzie,DL,Washington State,Arizona State
765,Brent Austin,CB,South Florida,California
766,Wydett Williams Jr.,S,UL Monroe,Ole Miss
768,Jake Garcia,QB,East Carolina,Michigan
781,Cooper Barkate,WR,Harvard,Duke
783,Christian Moore,TE,UNLV,Purdue
786,Clinton Azubuike,OT,Northern Arizona,Vanderbilt
787,Mike Peterson Jr.,WR,Arkansas State,Florida
788,LJ Johnson Jr.,RB,SMU,California
789,Sascha Garcia,CB,William & Mary,Wake Forest
790,DD Holmes,DL,Florida State,Maryland
792,Isaiah Chisom,LB,Oregon State,UCLA
798,Kavion Broussard,IOL,Ole Miss,Arkansas
799,Sam Lindsey,LS,Georgia State,Indiana
801,Colin Weber,TE,Charlotte,Rutgers
803,Jeremy Cook,S,Oklahoma State,Oklahoma State
812,Kade Eldridge,TE,USC,Washington
813,Damon Greaves,P,Kansas,Colorado
816,Deante McCray,EDGE,Western Kentucky,Florida State
817,Mordecai McDaniel,S,Charlotte,Oklahoma State
821,Mickel Clay,OT,North Alabama,West Virginia
823,Khamari Anderson,TE,Kentucky,Arizona State
825,NaQuari Rogers,RB,New Mexico,Utah
827,Justin Bowick,WR,Ball State,Illinois
829,Bear Alexander,DL,USC,Oregon
833,Malachi Carney,OT,South Alabama,Georgia Tech
834,Immanuel Hickman Sr.,EDGE,South Florida,Virginia Tech
836,Brandon Smiley,DL,Elon,Wake Forest
837,Seth McGowan,RB,New Mexico State,Kentucky
843,Noah Thomas,WR,Texas A&M,Georgia
844,Vontroy Malone,EDGE,Tulsa,Iowa State
848,Alec Marenco,LB,Kansas State,Wake Forest
850,Kody Huisman,DL,North Dakota State,Virginia Tech
851,Ethan Moczulski,K,Illinois,Washington
852,Ryder Langsdale,OT,Lafayette,Rutgers
855,Jaiden Francois,CB,Utah State,Duke
858,JoJo Evans,S,Florida International,Louisville
859,Max Klare,TE,Purdue,Ohio State
861,Henry Boyer,TE,Illinois,Kentucky
862,Michael Kern,P,Texas,California
866,Nate Johnson,ATH,Vanderbilt,Utah
868,Caleb Brown,CB,Hawai'i,Virginia Tech
875,Gavin Frakes,QB,Virginia,Northwestern
876,Terry Nwabuisi-Ezeala,DL,North Carolina,Vanderbilt
878,Mikey Keene,QB,Fresno State,Michigan
883,Christian Hamilton,WR,North Carolina,West Virginia
887,Jaylen Henderson,QB,Texas A&M,West Virginia
892,Johnny Williams IV,OT,West Virginia,Missouri
896,Jayden Hobson,OT,South Alabama,Alabama
902,Troy Stellato,WR,Clemson,Kentucky
904,Kechaun Bennett,DL,Michigan,UCLA
905,Logan Loya,WR,UCLA,Minnesota
906,Justin Okoronkwo,LB,Alabama,South Carolina
910,Tyler Van Dyke,QB,Wisconsin,SMU
914,Josh Raymond,OT,Vanderbilt,Florida State
916,Bernard Gooden,DL,South Florida,LSU
919,Ja'Elyne Matthews,OT,Rutgers,Florida State
921,Dane Key,WR,Kentucky,Nebraska
922,Ashton Cozart,WR,SMU,Kentucky
928,AJ Green,RB,Oklahoma State,Arkansas
935,Tobias Merriweather,WR,California,Utah
939,Aki Ogunbiyi,OT,Texas A&M,Colorado
945,Dacari Collins,WR,NC State,Louisville
949,Terrance Love,S,Auburn,Colorado
950,Josh Thompson,IOL,Northwestern,LSU
972,Peter Knudson,TE,Weber State,Alabama
974,Ben Bogle,LB,Southern Illinois,West Virginia
978,Kendall Stanley,OT,Charlotte,Pittsburgh
981,Austin Barrett,OT,Indiana,Iowa State
982,Zaquan Patterson,S,Miami,Oklahoma State
988,Chris Marable Jr.,DL,Wake Forest,Boston College
990,Makilan Thomas,IOL,Arkansas State,Virginia
1000,DJ Warner,EDGE,Kansas,SMU
1001,Walter Young Bear,IOL,Tulsa,West Virginia
1003,Josh McCray,RB,Illinois,Georgia
1005,Lucas Osada,K,North Carolina,Illinois
1023,Trevor Mayberry,IOL,Stanford,Mississippi State
1030,Curt Neal,DL,Wisconsin,Illinois
1031,Ryan Browne,QB,North Carolina,Purdue
1039,Tyler Kirkwood,WR,Southern,Baylor
1046,A.J. Haulcy,S,Houston,LSU
1052,James Thompson Jr.,DL,Wisconsin,Illinois
1053,Zelmar Vedder,CB,Sacramento State,Houston
1054,Matthew Caldwell,QB,Troy,Texas
1055,Jaylin Jones,EDGE,UTEP,Baylor
1057,Gavin Crawford,IOL,West Virginia,Virginia Tech
1058,Teon Parks,CB,Illinois State,Colorado
1060,Madden Iamaleava,QB,Arkansas,UCLA
1061,Derek Jensen,OT,Wisconsin,Iowa State
1063,Anthony Pinnace III,CB,UTSA,Michigan State
1068,Lance Holtzclaw,EDGE,Washington,Utah
1073,Raishein Thomas,EDGE,Northern Illinois,Mississippi State
1077,Joey Aguilar,QB,UCLA,Tennessee
1079,Gabe Ervin Jr.,RB,Nebraska,Kansas State
1080,Owen Spell,OT,Limestone,UCF
1082,Nolan Hay,OT,Incarnate Word,South Carolina
1088,Brennan Smith,IOL,UTEP,Mississippi State
1090,Sedrick Smith,DL,Alabama A&M,Maryland
1095,Connor Cox,TE,South Carolina,North Carolina
1100,Zach Rice,IOL,North Carolina,Syracuse
1104,Brandon High Jr.,RB,UTSA,California
1112,Justin Beadles,EDGE,New Mexico State,Louisville
1113,John Slaughter,S,Tennessee,Colorado
1129,Antonio Martin Jr.,RB,UL Monroe,Kansas State
1133,Michael Teason,LB,Missouri State,TCU
1141,Makari Vickers,CB,Oklahoma,Colorado
1143,Wayshawn Parker,RB,Washington State,Utah
1157,Julian Neal,CB,Stanford,Arkansas
1158,Jordan Church,IOL,Florida Atlantic,Louisville
1161,Durham Harris,LS,Washington State,Vanderbilt
1164,Ta'Mere Robinson,LB,Penn State,USC
1165,Darrian Lewis,S,Akron,West Virginia
1170,Keany Parks,CB,Wyoming,Houston
1171,Tiger Bachmeier,WR,Stanford,BYU
1173,David Wohlabaugh Jr.,OT,Syracuse,Virginia
1175,Justin Holmes,TE,Marshall,Pittsburgh
1176,Jack Sammarco,TE,West Virginia,Alabama
1179,Quimari Shemwell,CB,Utah,California
1180,Will Huggins,TE,Pittsburg St,Oklahoma
1182,Chris Domercant,WR,Chattanooga,UCF
1185,Anthony Venneri,P,Ohio State,UCF
1186,Jaylon Stone,DL,Southeast Missouri State,Vanderbilt
1197,Blake Steen,IOL,Virginia,Mississippi State
1201,Hudson Wilharm,ATH,North Carolina,NC State
1204,Devynn Cromwell,S,Texas Tech,Michigan State
1205,Daveion Harley,IOL,Jacksonville State,California
1210,Cam Rice,DL,Ohio,Maryland
1211,Jon Mitchell,CB,Penn State,Georgia Tech
1212,Christian Charles,S,Tennessee,Virginia
1214,Kenan Johnson,CB,Utah,Virginia
1217,Anthony Jones,EDGE,Michigan State,UCLA
1220,Carlos Moore,OT,Elon,Maryland
1225,Tyrecus Davis,CB,Wyoming,Colorado
1229,Carter Hewitt,DL,Northern Iowa,Illinois
1234,Placide Djungu-Sungu,S,Duke,Baylor
1241,Josh Schell,DL,Grand Valley State University,Tennessee
1244,Miles Mitchell,EDGE,Monmouth,Purdue
1246,Steve Angeli,QB,Notre Dame,Syracuse
1250,Bert Auburn,K,Texas,Miami
1256,Deuce Spann,WR,Florida State,Pittsburgh
1258,Jordan Hall,OT,UAB,North Carolina
1262,Martes Lewis,IOL,Minnesota,Northwestern
1268,Hayes Galloway,IOL,North Carolina,Clemson
1269,Joe Cotton,OT,South Dakota,Cincinnati
1275,Kamal Bonner,LB,NC State,Miami
1282,Carson Lee,IOL,Mississippi State,West Virginia
1285,Braylon Johnson,S,Virginia Tech,Wake Forest
1292,De'Marion Thomas,DL,Vanderbilt,Oklahoma State
1297,Andrew Harris,LB,UCF,Arkansas
1298,Breylan Thompson,CB,Yale,Stanford
1299,Johann Cardenas,RB,Vanderbilt,Minnesota
1314,Chase Barry,P,UCLA,Oklahoma State
1319,Dylan Goffney,WR,Colorado State,SMU
1320,Eni Falayi,TE,Utah Tech,Wake Forest
1322,Jason Hewlett Jr.,LB,Michigan,Boston College
1325,Jayden McDonald,LB,Virginia Tech,UCF
1330,Caleb Anderson,CB,Louisiana,Michigan
1333,Landon Morris,TE,Temple,California
1335,Wrook Brown,S,Wyoming,Houston
1343,Woo Spencer,DL,Louisville,SMU
1349,Caleb Johnston,LS,California,Rutgers
1350,Evan Haynes,WR,North Carolina,Georgia Tech
1357,Oliver Billotte,DL,Kent State,Rutgers
1359,Maealiuaki Smith,QB,Oklahoma State,Ole Miss
1368,Emmanuel Karnley,CB,Miami,Virginia
1371,Keona Peat,IOL,Arizona State,Arizona
1372,Zac Yoakam,K,Notre Dame,Houston
1373,Davi Belfort,QB,Virginia Tech,UCF
1377,Nathan Leacock,WR,Purdue,North Carolina
1378,Troy Pikes,DL,Georgia Southern,South Carolina
1381,David Washington,WR,Utah,Purdue
1387,Brendan Bett,DL,Baylor,Florida
1388,Charles Correa,LB,UNLV,Purdue
1393,Chris Peal,CB,Georgia,Syracuse
1397,CJ Hester,RB,Massachusetts,Michigan
1398,Rico Walker,TE,Auburn,Purdue
1422,James Ferguson-Reynolds,P,Boise State,Oregon
1423,Ethan Myers,LS,Chattanooga,Mississippi State
1424,Malik Agbo,OT,Texas,West Virginia
1427,Taje McCoy,EDGE,Colorado,Oklahoma State
1434,Kannon Katzer,RB,Ferris State,West Virginia
1435,Tom Weston,P,Ouachita Baptist,Minnesota
1439,Timir Hickman-Collins,LB,Florida State,North Carolina
1451,Joshua Singh,DL,BYU,Vanderbilt
1457,Luke Bauer,P,Missouri,Michigan
1461,Leshon Williams,RB,Iowa,Kansas
1469,Dayton Sneed,WR,Tennessee,North Carolina
1472,Grayson Brousseau,TE,Utah State,Oklahoma State
1479,Jordan Larsen,IOL,South Dakota,Duke
1483,Cole Kozlowski,LB,Colgate,UCF
1489,Rino Monteforte,LS,Notre Dame,California
1491,JB Nelson,IOL,Penn State,Kansas State
1492,Greg Smith,S,Florida,North Carolina
1493,Ian Flynt,TE,Nebraska,NC State
1495,Keveion'ta Spears,DL,Memphis,SMU
1501,Noah King,CB,Kansas State,Colorado
1502,Kyle Cunanan,K,California,Nebraska
1503,Donovan Haslam,IOL,Austin Peay,West Virginia
1504,Marc Nave Jr.,IOL,Kentucky,Purdue
1505,Larry Johnson III,OT,Tennessee,Colorado
1507,Jer'Michael Carter,WR,McNeese,Oklahoma
1508,Lance Mason,TE,Missouri State,Wisconsin
1513,Terrill Davis,WR,Central Oklahoma,Oklahoma State
1514,Jamario Clements,RB,Duquesne,Wake Forest
1518,Khristian Dunbar-Hawkins,CB,UCLA,North Carolina
1528,Nitro Tuggle,WR,Georgia,Purdue
1531,Ty Banco,IOL,Texas A&M,Pittsburgh
1536,Simeon Price,RB,Coastal Carolina,Colorado
1538,Davon Mitchell,TE,Oklahoma,Louisville
1546,Phillip Lee,EDGE,Troy,Arkansas
1547,Chasen Johnson,CB,UCF,USC
1553,KC Concepcion,WR,NC State,Texas A&M
1557,Jaedon Wilson,WR,Arkansas,UCLA
1558,Ty Washington,TE,Arkansas,Notre Dame
1559,K.D. Arnold,OT,Jacksonville State,UCLA
1561,Jack Powers,IOL,Cornell,Missouri
1563,Eric Fletcher,CB,East Carolina,Oklahoma State
1566,Trever Jackson,QB,Florida State,Arkansas
1578,Rodrick Pleasant,CB,Oregon,UCLA
1584,Dasan McCullough,LB,Oklahoma,Nebraska
1590,Mohamed Toure,LB,Rutgers,Miami
1599,Bobby Golden,WR,Akron,Louisville
1602,Horatio Fields,WR,Wake Forest,Auburn
1607,Savion Riley,S,Colorado,Georgia Tech
1613,Kasen Carpenter,IOL,Tulsa,Oklahoma State
1616,Derek Simmons,OT,Western Carolina,Oklahoma
1618,Justyn Rhett,S,Georgia,Nebraska
1621,Tommy Matheson,IOL,Princeton,Boston College
1624,Cazeem Moore,EDGE,Elon,Virginia
1625,Caden Kitler,IOL,UCF,Arkansas
1627,Marcos Davila,QB,Purdue,Nebraska
1632,Keeshawn Silver,DL,Kentucky,USC
1636,Jason Brooks Jr.,IOL,Oklahoma State,Houston
1639,Jalen Brown,WR,Florida State,Arkansas
1641,Zack Owens,IOL,Colorado,Mississippi State
1642,Dylan Rizk,QB,UCF,Stanford
1644,Jaylen Moson,CB,Furman,Utah
1652,Horace Lockett,DL,Georgia Tech,UCF
1655,Micah Riley,TE,Auburn,Texas A&M
1659,Taran Tyo,OT,Ball State,Cincinnati
1660,Joe Crocker,OT,Louisville,Baylor
1665,Carson Kent,TE,Kennesaw State,Oklahoma
1667,Zachariah Branch,WR,USC,Georgia
1669,Bangally Kamara,LB,South Carolina,Kansas
1675,Eli Stein,LS,Wisconsin,Cincinnati
1678,Brent Helton,IOL,Iowa State,Arizona State
1688,Da'Shawn Womack,EDGE,LSU,Ole Miss
1693,Clev Lubin,EDGE,Coastal Carolina,Louisville
1699,Trebor Pena,WR,Syracuse,Penn State
1701,Jordan McCants,WR,Jacksonville State,West Virginia
1703,Conner Weigman,QB,Texas A&M,Houston
1704,Cole Wisniewski,S,North Dakota State,Texas Tech
1708,Amir Johnson,OT,Merrimack,Boston College
1710,Brandon Rawls,LB,Saginaw Valley State,Oklahoma State
1714,Dallas Walker IV,DL,Western Kentucky,Auburn
1715,Phillip Daniels,OT,Minnesota,Ohio State
1717,Jayven Williams,CB,Kennesaw State,Mississippi State
1718,Brock Stukes,IOL,North Carolina A&T,NC State
1719,Dominick Giudice,IOL,Michigan,Missouri
1721,Lucas Austin,OT,West Virginia,Virginia Tech
1722,Jaren Hamilton,WR,Alabama,Arizona State
1725,Nico Iamaleava,QB,Tennessee,UCLA
1727,George Wilson,EDGE,Campbell,South Carolina
1729,Wade Helton,IOL,Iowa State,Arizona State
1730,Max Reese,TE,Eastern Michigan,Mississippi State
1733,Ryan Ward,TE,North Carolina,West Virginia
1742,Jamari Johnson,TE,Louisville,Oregon
1743,Eugene Brooks,IOL,Oklahoma,UCLA
1744,Jacobie Henderson,CB,Marshall,Rutgers
1745,Jshawn Frausto-Ramos,S,Stanford,Arizona
1748,Tuna Altahir,RB,Eastern Washington,Stanford
1753,Will Spain,LS,Troy,Houston
1772,C.J. Douglas,S,Samford,Houston
1775,Bradley Weaver,DL,Ohio,Rutgers
1776,Jeff Weimer,WR,Idaho State,West Virginia
1777,Jimeto Obigbo,IOL,Texas State,Arizona State
1780,Marcus Moore Jr.,DL,Bowling Green,Purdue
1785,Jerry Wilson,CB,Houston,Florida State
1790,Whitt Newbauer,QB,Mercer,Oklahoma
1797,Michael Coats Jr.,CB,Nevada,West Virginia
1804,Tyshawn Wyatt,OT,James Madison,Virginia
1806,Daniel Rickert,EDGE,Tennessee Tech,Virginia
1807,Zach Aamland,OT,Illinois,Rutgers
1811,TJ Ferguson,IOL,Florida State,Syracuse
1812,Tony Johnson,WR,Cincinnati,Miami
1817,Langston Hardy,EDGE,UConn,Wake Forest
1819,Tyler Turner,S,Oregon,Baylor
1821,James Djonkam,EDGE,Eastern Michigan,Virginia Tech
1823,Preston Howard,TE,Maryland,Auburn
1826,Connor Gibbs,K,Southern Miss,Auburn
1830,Darrell Gipson,EDGE,Idaho State,Cincinnati
1831,Dru Polidore Jr.,S,Montana State,California
1834,Jaylen King,QB,East Tennessee State,Florida State
1837,Caden Chittenden,K,UNLV,USC
1839,Fred Perry,S,Jacksonville State,West Virginia
1846,Rodney Lora,DL,North Carolina,UCF
1847,Grant Seagren,OT,Nebraska,Oklahoma State
1852,Jordan Dwyer,WR,Idaho,TCU
1856,Phil Picciotti,LB,Oklahoma,UCF
1863,Dayon Hayes,EDGE,Colorado,Texas A&M
1864,Mitchell Melton,EDGE,Ohio State,Virginia
1867,KJ Makins,CB,Houston Christian,Baylor
1869,Evan Wibberley,IOL,Western Kentucky,Kentucky
1870,Keelan Marion,WR,BYU,Miami
1874,Chance Roberts,IOL,Albany,Arizona
1878,Shamar Rigby,WR,Purdue,Oklahoma State
1879,Jack Endries,TE,California,Texas
1880,Cam Thompson,WR,Northern Illinois,Mississippi State
1882,Jakai Moore,IOL,South Carolina,North Carolina
1883,Kyran Duhon,EDGE,UTEP,Oklahoma State
1886,Deuce Alexander,WR,Wake Forest,Ole Miss
1888,Ayden Bussell,IOL,Tennessee,West Virginia
1893,Jalil Farooq,WR,Oklahoma,Maryland
1895,Hero Kanu,DL,Ohio State,Texas
1898,Nic Anderson,WR,Oklahoma,LSU
1899,Braelin Moore,IOL,Virginia Tech,LSU
1902,Ronald Triplette,EDGE,UTSA,Georgia Tech
1903,Maraad Watson,DL,Syracuse,Texas
1910,CJ Heard,S,Florida Atlantic,Vanderbilt
1914,Jaivian Thomas,RB,California,UCLA
1922,Michael Jackson III,WR,Georgia,Purdue
1925,Tarrion Grant,CB,Purdue,Texas Tech
1926,Cameron Abshire,WR,Emory & Henry College,Oklahoma State
1927,Tyshawn Russell,WR,South Carolina,Syracuse
1929,Matt Gulbin,IOL,Wake Forest,Michigan State
1930,Jordan Walker,S,Chattanooga,West Virginia
1937,Adrian Medley,IOL,UCF,Florida State
1940,Dominique Ratcliff,DL,Texas State,Indiana
1945,Isaiah Johnson,DL,Arizona,North Carolina
1949,Elijah Brown,TE,UCF,Kentucky
1953,Elijah Tau-Tolliver,RB,Sacramento State,Michigan State
1954,Buck Buchanan,K,Louisiana Tech,Colorado
1955,Alex McLaughlin,S,Northern Arizona,Washington
1958,Joseph Sipp Jr.,LB,Bowling Green,Kansas
1961,Elijah Gunn,DL,Southern Illinois,Cincinnati
1962,Ben Gulbranson,QB,Oregon State,Stanford
1964,Colton Hood,CB,Colorado,Tennessee
1965,George Rooks,DL,Boston College,Syracuse
1966,Isaiah Johnson,WR,Western Carolina,Cincinnati
1969,Will O'Steen,OT,Jacksonville State,North Carolina
1972,Malik Charles,DL,West Georgia,Oklahoma State
1973,Jaylen George,DL,East Tennessee State,Nebraska
1974,Gunner Givens,IOL,Virginia Tech,Vanderbilt
1976,Mitch Griffis,QB,Wake Forest,Texas Tech
1977,Randy Pittman Jr.,TE,UCF,Florida State
1979,Ken Talley,EDGE,Michigan State,Arkansas
1980,Melkart Abou-Jaoude,EDGE,Delaware,North Carolina
1982,Jamaal Jarrett,DL,Georgia,USC
1984,Brendan Zurbrugg,QB,Oklahoma,Utah
1986,Gabe Panikowski,K,Idaho State,Oklahoma State
1990,Kaidon Salter,QB,Liberty,Colorado
1991,Cole Gonzales,QB,Oklahoma,Pittsburgh
1992,Terrence Enos Jr.,OT,Pittsburgh,Kansas State
1997,Naquil Betrand,OT,Alabama,Syracuse
1998,Wendell Moe Jr.,IOL,Arizona,Tennessee
1999,Gavriel Lightfoot,DL,Fresno State,Colorado
2000,Rickie Collins,QB,LSU,Syracuse
2001,Andrew Jones,LB,Grambling,Ole Miss
2002,Travion Barnes,LB,Florida International,Baylor
2005,Kole Wilson,WR,Texas State,Baylor
2008,Luke Kromenhoek,QB,Florida State,Mississippi State
2009,Kam Shanks,WR,UAB,Arkansas
2010,TJ Metcalf,S,Arkansas,Michigan
2011,Tevis Metcalf,S,Arkansas,Michigan
2012,Jeff Caldwell,WR,Lindenwood,Cincinnati
2013,Stephen Rusnak,K,Charlotte,Cincinnati
2016,Kewan Lacy,RB,Missouri,Ole Miss
2018,Mason Murphy,OT,USC,Auburn
2019,Will Monney,TE,Utah State,Oklahoma State
2025,Joshua Eaton,CB,Texas State,Michigan State
2027,Mason Nelson,DL,Western Michigan,Vanderbilt
2028,Zach Calzada,QB,Incarnate Word,Kentucky
2032,Nigel Williams,CB,New Mexico,Louisville
2036,Upton Bellenfant,K,Buffalo,Texas Tech
2038,Max Brown,QB,Charlotte,West Virginia
2039,Gabe Moore,DL,Mississippi State,Nebraska
2040,Delano Townsend,IOL,UAB,Ole Miss
2041,Micheal Garner,EDGE,Grambling,Wisconsin
2044,Kam Dewberry,IOL,Texas A&M,Alabama
2047,DeKalon Taylor,RB,Incarnate Word,Colorado
2048,Brian Nelson II,CB,North Texas,NC State
2052,Patrick Gurd,TE,Ohio State,Cincinnati
2055,Logan George,EDGE,Idaho State,Ohio State
2060,My'Keil Gardner,DL,Oregon,Arizona State
2064,Justice Finkley,EDGE,Texas,Kansas
2066,DJ Black,WR,Limestone University,UCF
2069,CJ McCray,EDGE,Virginia Tech,Cincinnati
2071,Omari Evans,WR,Penn State,Washington
2076,Emar'rion Winston,EDGE,Oregon,Baylor
2077,Tacario Davis,CB,Arizona,Washington
2081,Kanye Udoh,RB,Army,Arizona State
2082,Ka'Morreun Pimpton,TE,LSU,TCU
2092,Corey Walker,EDGE,Western Michigan,Wisconsin
2093,Charles Perkins,DL,UT Martin,Wisconsin
2096,Debron Gatling,WR,South Carolina,Georgia Tech
2097,Jacob Holmes,DL,Fresno State,Virginia
2098,Taye Seymore,S,Georgia Tech,Auburn
2105,Rohan Jones,TE,Montana State,Arkansas
2108,Landyn Watson,LB,Marshall,Kentucky
2112,Javin Whatley,WR,Chattanooga,Arizona
2115,Jack Pyburn,EDGE,Florida,LSU
2116,Rushawn Lawrence,DL,Stony Brook,Minnesota
2119,Danny O'Neil,QB,San Diego State,Wisconsin
2120,Will Jados,OT,Miami (OH),Texas Tech
2121,Michael Dansby,CB,San José State,Arizona
2122,Keith Gouveia,IOL,Richmond,Pittsburgh
2124,Matthew Fobbs-White,EDGE,Tulane,Baylor
2125,Kelvin Hill,CB,UAB,Georgia Tech
2128,DJ Harvey,CB,San José State,USC
2129,Kani Walker,CB,Oklahoma,Arkansas
2132,Chancellor Owens,EDGE,Northwestern State,Arizona
2133,Jaylen Brown,EDGE,Missouri,South Carolina
2134,Brad Spence,LB,Arkansas,Texas
2135,Hudson Kaak,P,Oklahoma State,Auburn
2138,Jordan Allen,S,LSU,Houston
2139,Kevin Gallic,LS,New Hampshire,Nebraska
2140,Wesley Bailey,EDGE,Rutgers,Louisville
2141,Sam Greene,EDGE,USC,Kentucky
2142,Skyler Gill-Howard,DL,Northern Illinois,Texas Tech
2145,J.J. Hester,WR,Oklahoma,Kentucky
2150,Jaxson Jones,EDGE,Oregon,Utah
2153,Amare Thomas,WR,UAB,Houston
2154,Jaylon Braxton,CB,Arkansas,Ole Miss
2155,Reggie Virgil,WR,Miami (OH),Texas Tech
2156,Jacob Ulrich,P,Kennesaw State,Oklahoma
2157,Jalen Smith,LB,Tennessee,Mississippi State
2159,Damon Payne,DL,Alabama,Michigan
2160,Nico Davillier,EDGE,Arkansas,UCLA
2162,Boaz Stanley,IOL,Hudson Valley,South Carolina
2163,Addison Nichols,IOL,Arkansas,SMU
2164,Elijah Jackson,CB,Washington,TCU
2165,Favor Bate,EDGE,Merrimack,Boston College
2170,Jordan Dingle,TE,Kentucky,South Carolina
2171,Javonnie Gibson,WR,Arkansas-Pine Bluff,Oklahoma
2172,Aaron Williams,CB,Louisville,UCLA
2176,JacQawn McRoy,OT,Oregon,Arkansas
2180,PJ Wilkins,IOL,Charlotte,Ole Miss
2185,Darold DeNgohe,DL,James Madison,Rutgers
2190,Carver Willis,OT,Kansas State,Washington
2193,Lavaka Taukeiaho,IOL,Weber State,Oklahoma State
2194,Drew Biber,TE,Purdue,Minnesota
2197,Fluff Bothwell,RB,South Alabama,Mississippi State
2204,Gaard Memmelaar,IOL,Washington,UCF
2205,Rasheed Jackson,OT,Incarnate Word,TCU
2210,CJ Mims,DL,East Carolina,North Carolina
2217,Riley WIlson,EDGE,Montana,Arizona
2219,Kevorian Barnes,RB,UTSA,TCU
2220,Dylan Kinney,IOL,Abilene Christian,TCU
2232,Sincere Brown,WR,Campbell,Colorado
2235,Rece Verhoff,K,Marshall,North Carolina
2237,Phillip Dunnam,S,Florida Atlantic,UCF
2248,Tyson Flowers,S,Rice,Virginia Tech
2256,Jude McCoskey,OT,Tulane,Purdue
2260,Bradyn Joiner,IOL,Auburn,Purdue
2282,Devon Dampier,QB,New Mexico,Utah
2292,Jayden Bellamy,CB,Syracuse,UCF
2293,Jerand Bradley,WR,Boston College,Kansas State
2294,Cyrus Allen,WR,Texas A&M,Cincinnati
2295,Andre Jordan Jr.,CB,Oregon State,UCLA
2296,Justice Haynes,RB,Alabama,Michigan
2298,Peyton Waters,S,Washington,North Carolina
2300,Vaughn Pemberton,RB,Ball State,Boston College
2301,Andrew Marshall,CB,Idaho,Nebraska
2303,Tristan Smith,WR,Southeast Missouri State,Clemson
2305,Luke McGary,TE,Tulsa,Houston
2306,Chrishon McCray,WR,Kent State,Michigan State
2307,Zeke Moore,TE,Florida Atlantic,Boston College
2308,Jack Tanner,OT,Tulsa,Kansas
2309,Josiah Trotter,LB,West Virginia,Missouri
2310,Ashton Daniels,QB,Stanford,Auburn
2311,Christo Kelly,IOL,Holy Cross,North Carolina
2318,R.J. Jackson Jr.,DL,Tulsa,UCF
2319,Barion Brown,WR,Kentucky,LSU
2320,Xavier Townsend,WR,UCF,Iowa State
2321,Dillon Thieneman,S,Purdue,Oregon
2323,Lamar Robinson,OT,Georgia State,California
2324,Jimari Butler,EDGE,Nebraska,LSU
2325,Ismail Mahdi,RB,Texas State,Arizona
2326,Ja'Keem Jackson,CB,Florida,LSU
2327,Xavior Gray,OT,Liberty,Northwestern
2328,Jackson Arnold,QB,Oklahoma,Auburn
2329,Chase Sowell,WR,East Carolina,Iowa State
2331,Carson Dean,LB,Arkansas,Purdue
2332,Luke Wysong,WR,New Mexico,Arizona
2334,Mason Reiger,EDGE,Louisville,Wisconsin
2336,Tyson Ford,DL,Notre Dame,California
2337,Naeer Jackson,OT,Florida International,Louisville
2338,Courtney Crutchfield,WR,Missouri,Arkansas
2341,Bryon Threats,S,UCF,UCLA
2343,James Williams,EDGE,Nebraska,Florida State
2344,Kaleb Webb,WR,Tennessee,Maryland
2345,Zach Atkins,TE,Northwest Missouri St,Colorado
2346,Andrew Rosinski,OT,North Carolina,Georgia Tech
2347,Stefon Thompson,LB,Nebraska,Florida State
2349,Trey Lathan,LB,West Virginia,Kansas
2350,Chris Murray,EDGE,Sam Houston,Auburn
2351,Ty'Kieast Crawford,IOL,Arkansas,West Virginia
2358,Jaray Bledsoe,DL,Texas,Mississippi State
2359,William Boone,OT,Prairie View A&M,North Carolina
2360,Rahsul Faison,RB,Utah State,South Carolina
2362,David Pantelis,WR,Yale,Stanford
2363,Isaiah Brown-Murray,CB,East Carolina,Virginia Tech
2368,Ethan Head,K,Tulane,West Virginia
2375,Cam Vaughn,WR,Jacksonville State,West Virginia
2376,Tre Richardson,WR,Washburn,Vanderbilt
2384,Marc Stampley II,S,Georgia Southern,Houston
2387,Malachi Coleman,WR,Nebraska,Minnesota
2388,Kenny Soares Jr.,LB,Northwestern,NC State
2395,Kofi Asare,EDGE,Massachusetts,Florida
2399,Theran Johnson,CB,Northwestern,Oregon
2405,Luke Baklenko,OT,Stanford,Oklahoma
2407,Benjamin Perry,S,Louisville,UCLA
2409,Alvin Ebosele,OT,Baylor,Houston
2411,Geimere Latimer,CB,Jacksonville State,Wisconsin
2415,Creed Whittemore,WR,Mississippi State,Utah
2417,Thaddeus Dixon,CB,Washington,North Carolina
2418,Santana Banner,S,Northern Illinois,Missouri
2424,Jonah Wilson,WR,Houston,Texas A&M
2427,Miller Moss,QB,USC,Louisville
2428,Khalil Laufau,DL,Washington State,Houston
2431,Stephen Hall,CB,Washington State,Missouri
2440,Tavake Tuikolovatu,OT,UCLA,Kansas
2444,Hank Purvis,IOL,UNLV,Purdue
2446,Key Lawrence,S,Ole Miss,UCLA
2462,Dylan Ray,IOL,Kentucky,Minnesota
2466,Amari Jefferson,WR,Alabama,Tennessee
2468,Ric'Darious Farmer,WR,West Virginia,UCF
2473,Kendal Daniels,LB,Oklahoma State,Oklahoma
2483,Gavin Hoffman,TE,Iowa,Missouri
2485,Devonte Golden-Nelson,CB,Akron,West Virginia
2500,Jayden Bonsu,S,Ohio State,Pittsburgh
2510,Dazmin James,WR,Arkansas,California
2517,Ayden Williams,WR,Ole Miss,Mississippi State
2521,Luca Puccinelli,TE,Wake Forest,Purdue
2522,Jaylin Davies,CB,UCLA,Oklahoma State
2526,Michael Diatta,DL,Virginia,Oklahoma State
2532,Malick Sylla,EDGE,Texas A&M,Mississippi State
2535,Dallas Afalava,DL,Idaho,Wake Forest
2539,Kai Horton,QB,Tulane,Washington
2556,Tavian Coleman,DL,Texas State,Colorado
2561,Trinidad Chambliss,QB,Ferris State,Ole Miss
2564,Marvin Jones Jr.,EDGE,Florida State,Oklahoma
2572,Tru Edwards,WR,Louisiana Tech,Kentucky
2576,Flavio Gonzalez,IOL,Oregon State,Arizona
2577,Matthew Alexander,DL,UCF,Georgia Tech
2583,Deshawn Purdie,QB,Charlotte,Wake Forest
2588,Jordan Onovughe,WR,Colorado,Stanford
2596,Sydir Mitchell,DL,Texas,LSU
2597,Reginald Vick Jr.,WR,Virginia Union,Wake Forest
2602,Rodney Johnson Jr.,CB,Southern,Louisville
2607,Kendrick Law,WR,Alabama,Kentucky
2615,Nijhay Burt,CB,Eastern Illinois,Michigan State
2617,Ashton Woods,LB,North Carolina,West Virginia
2618,Terion Stewart,RB,Bowling Green,Virginia Tech
2619,Shakur Smalls,S,Maine,Arkansas
2623,Amarion Fortenberry,CB,South Alabama,Kansas State
2625,Ty Buchanan,OT,Texas Tech,Arizona
2628,Murphy Clement,RB,West Virginia,Illinois
2630,Kylan Salter,LB,TCU,Colorado
2639,Ashton Sanders,DL,Oklahoma,UCLA
2641,Dylan Wade,TE,Maryland,UCF
2643,Malcolm Bell,CB,UConn,Michigan State
2644,Trent Whalen,LB,Kent State,Arkansas
2646,Isaiah Cash,S,Sam Houston,Virginia Tech
2647,Jordan Robinson,CB,Cincinnati,Virginia
2649,CJ Christian,S,Florida International,Washington
2652,Hauss Hejny,QB,TCU,Oklahoma State
2658,Aisea Moa,LB,BYU,Michigan State
2659,Malachi Hosley,RB,Pennsylvania,Georgia Tech
2661,Zach Johnson,LB,Idaho,Stanford
2665,Hershey McLaurin,S,Houston,Purdue
2669,Dean Patterson,WR,Florida International,Georgia Tech
2671,Yanni Karlaftis,LB,Purdue,Northwestern
2678,Cyrus Traugh,WR,Youngstown State,West Virginia
2680,Ian Jeffries,DL,Arkansas State,Purdue
2681,David Santiago,EDGE,Air Force,Michigan State
2686,Isaiah Horton,WR,Miami,Alabama
2687,Breeon Ishmail,EDGE,Michigan,Purdue
2691,Anelu Lafaele,EDGE,Wisconsin,Michigan State
2693,Evans Chuba,QB,Washington State,Purdue
2696,Jahzari Priester,DL,Hampton,Virginia Tech
2697,Marcellous Hawkins,RB,Central Missouri State,Virginia Tech
2698,Jordan Washington,CB,Dartmouth,Stanford
2699,Rashan Murray,CB,PennWest California,Pittsburgh
2706,Jordan Brown,OT,Georgia Tech,Arizona
2708,J.T. Byrne,TE,California,Georgia Tech
2716,Tausili Akana,EDGE,Texas,BYU
2717,J'Mari Taylor,RB,North Carolina Central,Virginia
2728,Blake Gotcher,LB,Northwestern State,Arizona
2734,Corey Gordon Jr.,S,Baylor,Louisville
2738,Marques Watson-Trent,LB,Georgia Southern,Nebraska
2745,Gabriel Brownlow-Dindy,DL,Texas A&M,South Carolina
2749,Ethan O'Connor,CB,Washington State,Miami
2751,Justin Agu,CB,Louisiana,Louisville
2757,Tra Thomas,EDGE,Temple,NC State
2758,Bryson Canty,WR,Columbia,Kansas
2763,Wendell Gregory,EDGE,South Carolina,Oklahoma State
2766,David Bailey,EDGE,Stanford,Texas Tech
2767,Brandon Cisse,CB,NC State,South Carolina
2768,Prince Strachan,WR,Boise State,USC
2774,Keelan Crimmins,P,Purdue,Illinois
2779,Blake Cotton,CB,UC Davis,Utah
2780,Isaiah World,OT,Nevada,Oregon
2781,Jordan Matthews,CB,Tennessee,Vanderbilt
2782,Caleb Odom,WR,Alabama,Ole Miss
2783,Jalen Moss,WR,Fresno State,Arizona State
2784,Antarron Turner,LB,Western Carolina,Wisconsin
2787,Nolan Latulippe,OT,Albany,Cincinnati
2791,Destyn Hill,WR,Florida State,LSU
2792,Zakye Barker,LB,East Carolina,SMU
2794,Preston Stone,QB,SMU,Northwestern
2796,Jacob Barrick,TE,Jacksonville State,West Virginia
2799,Devin Kylany,IOL,Washington State,Wake Forest
2801,Dalton Riggs,LS,BYU,UCF
2804,CJ Jacobsen,TE,Utah,Louisville
2805,Brody Dalton,TE,Troy,Alabama
2807,Micah Pettus,OT,Ole Miss,Florida State
2808,Griffin Wilde,WR,South Dakota State,Northwestern
2809,Sam West,TE,Indiana,Mississippi State
2810,Sherrod Covil Jr.,S,Clemson,Virginia Tech
2814,Mason Mini,TE,Idaho,California
2816,Wyatt Minor,IOL,Youngstown State,West Virginia
2820,Leon Bell,OT,Mississippi State,California
2825,Zylon Crisler,IOL,Illinois,Colorado
2826,Rodrick Tialavea,IOL,Washington State,Wake Forest
2827,Jett Elad,S,UNLV,Rutgers
2837,Marcus Dumervil,OT,Maryland,Arkansas
2838,Trey Wilson,DL,Baylor,SMU
2842,Sabastian Harsh,EDGE,Wyoming,NC State
2850,Khmori House,LB,Washington,North Carolina
2851,Austin Welch,K,Kennesaw State,Oklahoma
2854,Derion Gullette,LB,Texas,Mississippi State
2855,Xavier Atkins,LB,LSU,Auburn
2857,Alex Lines,TE,New Mexico State,Northwestern
2858,David Gusta,DL,Washington State,Kentucky
2865,Rahtrel Perry,OT,Central Connecticut,Maryland
2866,Emmett Mosley V,WR,Stanford,Texas
2870,Alex Bray,DL,Illinois,Kansas
2873,Jaden Muskrat,IOL,Auburn,Virginia Tech
2874,Jack Nickel,TE,UAB,Miami
2880,Ian Wagner,K,Illinois State,Arizona
2884,Abram Murray,K,Miami,California
2886,Giordano Vaccaro,IOL,MANITOBA,Purdue
2887,Tamatoa McDonough,EDGE,Yale,Iowa State
2888,Miles McVay,OT,Alabama,North Carolina
2889,Xavier Chaplin,OT,Virginia Tech,Auburn
2890,Mitch McCarthy,P,UCF,Indiana
2891,Javon Tracy,WR,Miami (OH),Minnesota
2892,Jesus Gomez,K,Eastern Michigan,Arizona State
2893,Cameron Davis,RB,Washington,Minnesota
2894,Donovan Green,TE,Texas A&M,LSU
2895,Brady Denaburg,K,Syracuse,Minnesota
2896,Cam Pickett,WR,Ball State,Kansas
2897,Brendan Franke,K,Texas State,Indiana
2898,Nick Haberer,P,Washington State,Vanderbilt
2899,Noble Johnson,WR,Clemson,Arizona State
2900,Ja'son Prevard,CB,Morgan State,Virginia
2901,Ansel Din-Mbuh,DL,Washington State,TCU
2902,Luka Vincic,IOL,Oregon State,Michigan State
2903,Julian Armella,IOL,Florida State,UCLA
2904,Michael Van Buren Jr.,QB,Mississippi State,LSU
2906,Parker Petersen,DL,Tulane,Wisconsin
2910,Owen Wafle,EDGE,Michigan,Penn State
2911,Keanu Tanuvasa,DL,Utah,BYU
2915,Lewis Carter,LB,Oklahoma,UCF
2916,Frank Cusano,LB,Washington State,Wake Forest
2917,Sawyer Racanelli,WR,Montana,Wake Forest
2918,Laith Marjan,K,South Alabama,Kansas
2921,A.J. Turner,RB,Marshall,Minnesota
2923,Bryan McCoy,LB,Akron,Oklahoma State
2925,Jimmori Robinson,EDGE,UTSA,West Virginia
2926,Harvey Broussard,WR,Louisiana,Houston
2927,Jaylen Bowden,CB,North Carolina Central,Minnesota
2928,Steven Curtis,DL,Illinois State,Minnesota
2929,Devin Green,RB,UNLV,Utah
2934,Qua Moss,S,West Georgia,Kansas State
2945,Evan Beerntsen,IOL,South Dakota State,Northwestern
2961,Chris Thomas Jr.,DL,Marshall,Syracuse
2962,Jake Maikkula,IOL,Stanford,Oklahoma
2963,Sione Fotu,LB,Utah,Houston
2965,Buom Jock,LB,Colorado State,California
2968,Mason Vicari,IOL,UNLV,Purdue
2969,Walker White,QB,Auburn,Baylor
2972,Kai Greer,OT,Georgia Tech,Stanford
2974,Cayman Spaulding,LB,Tennessee Tech,Georgia Tech
2977,Oran Singleton,WR,Eastern Michigan,West Virginia
2979,Hudson Clement,WR,West Virginia,Illinois
2981,John Mateer,QB,Washington State,Oklahoma
2984,Lars Rau,P,Texas State,Illinois
2988,Brendan Doyle,TE,Memphis,Stanford
2996,Harry Lodge,TE,Georgia Tech,Wake Forest
3000,Davin Stoffel,TE,South Dakota State,Illinois
3001,Jahron Manning,S,Old Dominion,Mississippi State
3004,Crew Wakley,S,BYU,Purdue
3008,Ty Howard,LB,Duquesne,Ohio State
3009,TJ Harden,RB,UCLA,SMU
3012,Sterling Dixon,LB,Alabama,NC State
3014,Dwight Lewis III,CB,Marian College,Mississippi State
3016,Kyle Altuner,IOL,West Virginia,Virginia Tech
3017,Darian Mensah,QB,Tulane,Duke
3021,Tyler Morris,WR,Michigan,Indiana
3024,Markell Samuel,OT,App State,Oklahoma State
3028,Will Pauling,WR,Wisconsin,Notre Dame
3029,Teague Andersen,OT,Utah State,NC State
3030,Jaden Platt,TE,Texas A&M,Arkansas
3032,Phoenix Jackson,LB,Fresno State,Baylor
3034,EJ Horton Jr.,WR,Florida Atlantic,Purdue
3035,Onye Nwosisi,EDGE,Valparaiso,Boston College
3036,Anthony Holmes Jr.,DL,Houston,Texas Tech
3042,Chuck Nnaeto,DL,Elon,Boston College
3043,Troy Bowles,LB,Georgia,Michigan
3044,Patrick Payton,EDGE,Florida State,LSU
3046,Hardley Gilmore IV,WR,Nebraska,Kentucky
3050,Kobe Prentice,WR,Alabama,Baylor
3061,Cam Miller,CB,Penn State,Rutgers
3067,Daniel King,OT,Hudson Valley,North Carolina
3069,Scooter Jackson,CB,Utah Tech,UCLA
3070,Ayden Knapik,OT,Idaho,Illinois
3074,Tomas Rimac,IOL,West Virginia,Virginia Tech
3076,Tyson Ruffins,IOL,Nevada,California
3080,Christian Earls,TE,UNLV,Purdue
3084,Alex Wollschlaeger,OT,Bowling Green,Kentucky
3087,Luke Petitbon,IOL,Wake Forest,Florida State
3088,Nuer Gatkuoth,EDGE,Colorado State,Wake Forest
3089,Jahlil Hurley,CB,Alabama,Kansas
3091,Kalib Hicks,RB,Oklahoma,Oklahoma State
3095,Amariyun Knighten,CB,Northern Illinois,Indiana
3096,Jared Dawson,DL,Louisville,Notre Dame
3097,T.J. Searcy,EDGE,Florida,Texas A&M
3098,Roman Hemby,RB,Maryland,Indiana
3100,Air Noland,QB,South Carolina,South Carolina
3103,Drake Knobloch,LS,Iowa State,Baylor
3105,Jordan Scruggs,CB,South Alabama,West Virginia
3111,Gabe Kirschke,EDGE,Colorado State,Wake Forest
3117,Justin Stevenson,WR,Wyoming,Utah
3120,Zen Michalski,OT,Ohio State,Indiana
3126,Eric Singleton Jr.,WR,Georgia Tech,Auburn
3128,Hunter Osborne,DL,Alabama,Virginia
3131,Kapena Gushiken,S,Washington State,Ole Miss
3132,William Davis,S,Virginia Union,West Virginia
3137,John Locke Jr.,TE,Louisiana Tech,Oklahoma
3139,Elijah Pritchett,OT,Alabama,Nebraska
3141,Andrew Gentry,OT,Michigan,BYU
3148,Beau Pribula,QB,Penn State,Missouri
3153,Will Whitson,DL,Coastal Carolina,Mississippi State
3157,Robert Stafford,CB,Miami,UCLA
3158,Ethan Onianwa,OT,Rice,Ohio State
3161,Gio Lopez,QB,South Alabama,North Carolina
3166,Ty Lockwood,TE,Alabama,Boston College
3171,Christian Harrison,S,Tennessee,Cincinnati
3175,Anisi Purcell,EDGE,Southern Utah,BYU
3177,Denzel Lowry,DL,Old Dominion,Louisville
3179,DeVonta Smith,S,Alabama,Notre Dame
3183,Eric Rivers,WR,Florida International,Georgia Tech
3186,Ben Bell,EDGE,Texas State,Virginia Tech
3188,Blake Ford,K,North Texas,Arkansas
3189,Corey Robinson II,OT,Georgia Tech,Arkansas
3193,TJ Lindsey,DL,Auburn,Purdue
3194,Joseph Manjack IV,WR,Houston,TCU
3196,Lee Hunter,DL,UCF,Texas Tech
3202,Cian Slone,EDGE,Utah State,NC State
3206,Zechariah Poyser,S,Jacksonville State,Miami
3207,Ethan Hampton,QB,Northern Illinois,Illinois
3210,Malachi Singleton,QB,Arkansas,Purdue
3211,Xander Ruggeroli,OT,Nebraska,Arizona State
3216,Tre Spivey,WR,Kansas State,Arizona
3220,Aaron Bryant,DL,Texas,Vanderbilt
3221,Gunnar Hansen,OT,Vanderbilt,Florida State
3223,Ryan Kean,LS,Utah Tech,Washington
3225,Ahmad Hardy,RB,UL Monroe,Missouri
3228,Mario Craver,WR,Mississippi State,Texas A&M
3235,Joel Starlings,DL,North Carolina,Maryland
3240,Tyler Mercer,IOL,North Texas,Kansas
3243,Dylan Lonergan,QB,Alabama,Boston College
3245,Jerry Lawson,DL,Abilene Christian,Louisville
3249,Caleb Carter,IOL,Western Carolina,Michigan State
3256,Lorenzo Cowan,EDGE,USC,Kentucky
3263,Jordan Bass,LB,Pittsburgh,Virginia Tech
3267,AJ Richardson,LB,Norfolk State,NC State
3269,Justyn Martin,QB,UCLA,Maryland
3270,Tanner Bailey,QB,South Carolina,Auburn
3273,Cole Martin,S,Arizona State,UCLA
3285,Joshua Bates,IOL,Oklahoma,SMU
3287,Bryce Henderson,OT,South Dakota,Vanderbilt
3288,Elijah Hughes,DL,USC,Notre Dame
3290,Xavier Lucas,CB,Wisconsin,Miami
3291,Caleb Medford,WR,New Mexico,Kansas State
3292,Jason Robinson Jr.,WR,Washington,North Carolina
3294,Alex Sanford,LB,Arkansas,Purdue
3297,Sanders Ellis,LB,Tennessee State,Purdue
3303,Antonio Kite,CB,Auburn,Ole Miss
3308,Fernando Mendoza,QB,California,Indiana
3315,J.Michael Sturdivant,WR,UCLA,Florida
3320,Chad Brown,CB,Nevada,Purdue
3324,Malachi Fields,WR,Virginia,Notre Dame
3325,Jayshawn Ross,EDGE,Alabama,Kansas State
3329,Courtland Ford,OT,Kentucky,UCLA
3333,Traylon Ray,WR,West Virginia,Ole Miss
3341,Tye Edwards,RB,Northern Iowa,West Virginia
3343,Kelby Collins,DL,Florida,Alabama
3348,Tavoy Feagin,CB,Clemson,Ole Miss
3349,Shawn Murphy,LB,Florida State,South Carolina
3351,Fran Brown Jr.,LB,Saint Francis (PA),Syracuse
3353,Nate Boerkircher,TE,Nebraska,Texas A&M
3354,Smith Vilbert,EDGE,Penn State,North Carolina
3357,George Fitzpatrick,OT,Ohio State,Kansas State
3363,Connor Meadows,IOL,Tennessee State,UCF
3366,Jaden Yates,LB,Marshall,Ole Miss
3368,Taariq Al-Uqdah,LB,Washington State,Washington
3370,Jaydn Ott,RB,California,Oklahoma
3371,Eyan Thomas,DL,Saint Francis (PA),Maryland
3373,Vince Brown II,TE,Colorado State,Missouri
3374,Amari Niblack,TE,Texas,Texas A&M
3376,Jordan White,IOL,Liberty,Vanderbilt
3378,Josiah Green,DL,Dartmouth,Duke
3379,Jayden Ballard,WR,Ohio State,Wisconsin
3381,Max Alford,LB,Utah State,BYU
3386,Jayden Thomas,WR,Notre Dame,Virginia
3387,Tristan Dunn,S,Washington,California
3388,Cameron Barmore,WR,Mercyhurst College,Arizona
3393,Dorian Fleming,TE,Georgia State,Maryland
3394,Ta'ita'i Uiagalelei,DL,Arizona,Washington
3395,Kevis Thomas,CB,Maryland,Kentucky
3396,Charles Brantley,CB,Michigan State,Miami
3398,Carsen Ryan,TE,Utah,BYU
3399,Marcus Burke,WR,Florida,UCF
3402,Jaron-Keawe Sagapolutele,QB,Oregon,California
3403,Brook Honore,P,Arkansas State,California
3405,Kahlee Tafai,OT,Washington,Minnesota
3406,Dontay Joyner,S,Arkansas State,Maryland
3407,CJ Donaldson,RB,West Virginia,Ohio State
3408,Amos Talalele,IOL,USC,Kansas State
3409,Matthew Traynor,S,Richmond,Wisconsin
3411,Chris Victor,EDGE,Chattanooga,California
3413,David Blay,DL,Louisiana Tech,Miami
3414,Amier Boyd-Matthews,CB,UTEP,Texas Tech
3416,Raion Strader,CB,Miami (OH),Auburn
3417,VJ Wilkins,WR,Campbell,Boston College
3418,Adrian Wilson,S,Washington State,Arizona State
3419,DJ Bell,CB,Memphis,UCF
3420,Mansoor Delane,CB,Virginia Tech,LSU
3422,Billy Edwards Jr.,QB,Maryland,Wisconsin
3423,Simote Pepa,DL,Utah,Washington
3424,Hosea Wheeler,DL,Western Kentucky,Indiana
3426,Sam M'Pemba,EDGE,Georgia,Texas A&M
3427,Donovan Saunders,CB,Texas A&M,Utah
3435,Caleb Wheatland,LB,Maryland,Auburn
3438,Isaiah Reed,CB,Brown,UCF
3440,Tanner Koziol,TE,Wisconsin,Houston
3441,Brady Wilson,IOL,UAB,Virginia
3443,Jaron Tibbs,WR,Purdue,Kansas State
3444,Kylin Jackson,S,LSU,TCU
3445,Langden Kitchen,DL,Northwest Missouri St,Missouri
3446,Devin Turner,S,Northwestern,Baylor
3448,Tré Williams,DL,Clemson,Michigan
3454,Dre'lyn Washington,RB,Louisiana,Alabama
3456,Jamare Glasker,CB,Wake Forest,Maryland
3458,Karon Prunty,CB,North Carolina A&T,Wake Forest
3461,Donaven McCulley,WR,Indiana,Michigan
3462,Lee Beebe Jr.,RB,UAB,Indiana
3463,Patrick Kutas,IOL,Arkansas,Ole Miss
3466,Jamel Johnson,CB,Temple,NC State
3467,JK Johnson,CB,LSU,Oklahoma State
3473,Bryce Robinson,LS,Kennesaw State,Virginia
3475,Kalib Perry,LB,Tennessee,Louisville
3476,A.J. Hoffler,EDGE,Clemson,Georgia Tech
3477,Gabe Powers,LB,Ohio State,Kansas State
3478,Melvin Jordan IV,LB,Oregon State,Georgia Tech
3479,Martavius French,LB,UTSA,Colorado
3481,Jalen Stroman,S,Virginia Tech,Notre Dame
3490,Mike Mitchell,RB,Utah,Arizona
3491,Mike Washington,RB,New Mexico State,Arkansas
3493,Sam Dubwig,P,Arkansas,Purdue
3497,Duane Thomas Jr.,WR,Charlotte,UCF
3502,Melvin Siani,OT,Temple,Wake Forest
3505,Brady Norton,IOL,Cal Poly,Michigan
3506,Jehiem Oatis,DL,Alabama,Colorado
3507,Kyron Hudson,WR,USC,Penn State
3513,Tahj Ra-El,S,Memphis,Purdue
3515,Finn Lappin,P,McNeese,Kansas
3521,Chance Fitzgerald,WR,Virginia Tech,Vanderbilt
3522,Caleb Weaver,S,Sam Houston,Duke
3524,Connor Weselman,P,Stanford,Missouri
3526,Gunner Maldonado,S,Arizona,Kansas State
3529,Quentavius Scandrett,S,Eastern Michigan,Arkansas
3530,Anthony Evans III,WR,Georgia,Mississippi State
3531,Nate Johnson,EDGE,App State,Missouri
3532,Niki Prongos,OT,UCLA,Stanford
3540,Jaden Nixon,RB,Western Michigan,UCF
3541,Tyreese Fearbry,EDGE,Kentucky,Wisconsin
3542,Joseph Williams,WR,Tulsa,Colorado
3545,Ka'ena DeCambra,IOL,Hawai'i,Arizona
3546,Tristan Bounds,OT,Michigan,Arizona
3547,Riley Nowakowski,TE,Wisconsin,Indiana
3548,Kalolo Ta'aga,OT,USC,Utah
3552,Devonte Ross,WR,Hudson Valley,Penn State
3556,Holden Staes,TE,Tennessee,Indiana
3557,CJ Daniels,WR,LSU,Miami
3560,Bishop Fitzgerald,S,NC State,USC
3561,Devan Boykin,S,NC State,Indiana
3563,Mikey Matthews,WR,California,UCLA
3564,Nyziah Hunter,WR,California,Nebraska
3565,Jalen St. John,OT,UNLV,Purdue
3568,Rodney Bullard Jr.,WR,Valdosta State,Michigan State
3569,Cameron Calhoun,CB,Utah,Alabama
3570,Leon Lowery Jr.,EDGE,Wisconsin,Illinois
3579,Brayden Manley,EDGE,Mercer,Georgia Tech
3591,Tomiwa Durojaiye,DL,Florida State,Illinois
3594,Blaine Spires,EDGE,Utah State,Pittsburgh
3595,Anderson Castle,RB,App State,Duke
3597,Elijah Herring,LB,Memphis,Florida State
3600,Hezekiah Masses,CB,Florida International,California
3611,Emmanuel Henderson Jr.,WR,Alabama,Kansas
3612,Jaeden Gould,S,Syracuse,UCF
3613,Tiaoalii Savea,DL,Texas,Arizona
3616,Jadon Canady,CB,Ole Miss,Oregon
3618,Quinten Joyner,RB,USC,Texas Tech
3624,Squirrel White,WR,Tennessee,Florida State
3625,Jeff Persi,OT,Michigan,Pittsburgh
3629,Nyland Green,CB,Purdue,Arizona State
3633,Cameron Seldon,RB,Tennessee,Virginia Tech
3640,Kamrean Johnson,TE,Vanderbilt,Wake Forest
3641,Jeremy Hecklinski,QB,Wake Forest,Iowa
3642,Sam Phillips,WR,Chattanooga,Iowa
3647,Chris Joines,S,Mercer,Rutgers
3652,Noah Burnette,K,North Carolina,Notre Dame
3656,Matt Jung,S,Bethel,Wisconsin
3658,Jayden Loving,DL,Western Kentucky,Wake Forest
3665,Deamontae Diggs,DL,Coastal Carolina,Florida State
3667,Devin Brown,QB,Ohio State,California
3668,David Reese,EDGE,California,Syracuse
3669,Mose Phillips III,S,Virginia Tech,Missouri
3670,Will Heldt,EDGE,Purdue,Clemson
3671,Carter Guillaume,IOL,Southeast Missouri State,Louisville
3672,Grant Chadwick,P,Middle Tennessee,LSU
3674,Rodney Newsom Jr.,IOL,Western Kentucky,South Carolina
3676,Sam Pendleton,IOL,Notre Dame,Tennessee
3680,Marcellus Barnes Jr.,CB,Syracuse,SMU
3688,Brice Pollock,CB,Mississippi State,Texas Tech
3689,Daiquan White,CB,Eastern Michigan,Georgia Tech
3690,DeAndre Harper,OT,Northwest Missouri St,Kansas
3694,Dalton Merryman,OT,Texas Tech,Houston
3696,Jaylon White-McClain,EDGE,Old Dominion,Cincinnati
3700,Tommy Doman,P,Michigan,Florida
3701,Hank Brown,QB,Auburn,Iowa
3703,Jaron Glover,WR,Michigan State,Mississippi State
3704,Malachi Bailey,EDGE,Alcorn State,Arizona
3706,Damon Wilson II,EDGE,Georgia,Missouri
3707,Malachi Thomas,RB,Virginia Tech,Purdue
3711,Nathan Mejia,IOL,Sacramento State,Stanford
3715,Orion Phillips,P,Missouri,Utah
3717,Cannon Butler,EDGE,Northern Iowa,Iowa State
3718,Matthew McDoom,CB,Coastal Carolina,Cincinnati
3719,Tre Bell,CB,Lindenwood,Iowa State
3720,Jack Bouwmeester,P,Utah,Texas
3721,Kaedin Robinson,WR,App State,UCLA
3722,Makai Jackson,WR,App State,Indiana
3723,Doug Blue-Eli,DL,South Florida,Rutgers
3725,Nevaeh Sanders,EDGE,Northern Illinois,Mississippi State
3726,Samu Taumanupepe,DL,Texas A&M,Baylor
3732,Brenen Thompson,WR,Oklahoma,Mississippi State
3733,Josiah Martin,WR,California,Oklahoma
3737,Chase Farrell,WR,Stanford,Northwestern
3740,Arkel Anugwom,OT,Ball State,Alabama
3744,Williams Nwaneri,EDGE,Missouri,Nebraska
3745,Rocco Spindler,IOL,Notre Dame,Nebraska
3746,Jabari Mack,CB,Jacksonville State,Louisville
3749,Jayden Rowe,CB,Oklahoma,Kansas State
3750,Jalen Grant,IOL,Purdue,NC State
3754,Bauer Sharp,TE,Oklahoma,LSU
3767,Calvin Simpson-Hunt,CB,Ohio State,Baylor
3771,Tripp Woody,K,Iowa,Syracuse
3773,Andrel Anthony,WR,Oklahoma,Duke
3777,Chris Johnson Jr.,RB,Miami,SMU
3779,Ismael Cisse,WR,Stanford,Arkansas
3785,Tawfiq Byard,S,South Florida,Colorado
3787,Jaylen Lloyd,WR,Nebraska,Oklahoma State
3801,Bryce Hawthorne,DL,South Dakota State,Iowa
3802,Tayden Barnes,S,New Mexico State,Cincinnati
3803,Grant Wilson,QB,Old Dominion,Indiana
3804,Kyle Sfarcioc,IOL,Southern Utah,BYU
3806,Isaiah Sategna,WR,Arkansas,Oklahoma
3811,Chad Lindberg,OT,Rice,North Carolina
3813,Cole Brevard,DL,Purdue,Texas
3816,Mark Gronowski,QB,South Dakota State,Iowa
3818,Isaac Perez,IOL,Portland State,Arizona
3821,Arias Nash,DL,Mercer,Virginia Tech
3824,Princewill Umanmielen,EDGE,Nebraska,Ole Miss
3825,Nick Sharpe,IOL,Wake Forest,South Carolina
3828,Caleb Goodie,WR,Colorado State,Cincinnati
3831,Daniel Kaelin,QB,Nebraska,Virginia
3833,Otto Tia,WR,Utah State,Utah
3836,Julian Humphrey,CB,Georgia,Texas A&M
3841,Pryce Yates,DL,UConn,North Carolina
3842,Malik Benson,WR,Florida State,Oregon
3845,Quincy Craig,RB,Portland State,Arizona
3852,Louie Canepa,OT,New Mexico State,Oklahoma State
3853,Devin Neal,S,Louisville,Virginia
3854,Adrian Wilson,WR,Colorado,North Carolina
3855,Darron Reed Jr.,DL,Auburn,Mississippi State
3857,Jaden Harris,S,Miami,Georgia
3860,Chris Barnes,WR,Washington State,Wake Forest
3864,Damarjhe Lewis,DL,Purdue,SMU
3870,Mason Shipley,K,Texas State,Texas
3872,Christian Ellis,S,New Mexico,Virginia Tech
3874,Trace Bruckler,TE,New Mexico,Ole Miss
3876,Lyrik Rawls,S,Oklahoma State,Kansas
3877,Preston Cushman,OT,Ole Miss,UCF
3882,Koby Keenum,IOL,Kentucky,Mississippi State
3885,CJ Nunnally IV,EDGE,Akron,Purdue
3888,C.J. Williams,WR,Wisconsin,Stanford
3890,Jordan Young,CB,Cincinnati,Arkansas
3891,Keli Lawson,LB,Virginia Tech,UCF
3895,Ryland Gandy,CB,Pittsburgh,Indiana
3896,Levi Wentz,WR,Albany,Kansas
3897,David Oke,DL,Abilene Christian,Arkansas
3898,Deshawn McKnight,DL,UT Martin,Arizona
3899,Jaden Williams,DL,Wyoming,Kentucky
3901,Mar'Quavious Moss,S,West Georgia,Kansas State
3902,Aziah Johnson,WR,Michigan State,North Carolina
3903,Enai White,EDGE,Texas A&M,Penn State
3905,Sage Ryan,S,LSU,Ole Miss
3906,Terrance McWilliams,WR,Minnesota,Louisville
3908,Maddox Marcellus,LB,Eastern Kentucky,Virginia
3910,Caleb Redd,EDGE,Kentucky,Kansas
3911,Cody Hardy,TE,Elon,NC State
3912,Jacob Manu,LB,Arizona,Washington
3914,Dante Dowdell,RB,Nebraska,Kentucky
3919,Hank Zilinskas,IOL,Colorado,Rutgers
3921,Duce Robinson,WR,USC,Florida State
3922,Caleb LaVallee,LB,North Carolina,Florida State
3923,Cam Fancher,QB,Florida Atlantic,UCF
3924,Sitiveni Havili-Kaufusi,DL,UCLA,Oklahoma State
3925,Terrance Carter,TE,Louisiana,Texas Tech
3930,Lawrence Hattar,IOL,Ferris State,Michigan
3934,Demon Clowney,EDGE,Louisville,South Carolina
3935,Marshall Nichols,P,UNLV,Georgia Tech
3939,Tayven Jackson,QB,Indiana,UCF
3940,Luke Hasz,TE,Arkansas,Ole Miss
3941,Chauncey Magwood,WR,UCF,Purdue
3945,Anthony Woods,RB,Utah,UCLA
3948,Kevin Wigenton II,IOL,Illinois,Virginia
3950,Jonah Pace,DL,Central Michigan,Iowa
3953,Christian Fitzpatrick,WR,Marshall,Oklahoma State
3955,Fa'alili Fa'amoe,OT,Washington State,Wake Forest
3957,Fisher Camac,LB,UNLV,Virginia
3966,Sincere Edwards,EDGE,Pittsburgh,UCF
3967,Michael Bumpus,DL,Brown,Boston College
3970,Jayson Jenkins,DL,Tennessee,Florida State
3973,Joey Zelinsky,EDGE,Eastern Michigan,Pittsburgh
3975,Myles Parker,DL,Tennessee Tech,Houston
3979,Jamir Conn,CB,Southern Illinois,Nebraska
3980,Jaren Sensabaugh,CB,Missouri,NC State
3982,Kevin Coleman Jr.,WR,Mississippi State,Missouri
3983,Jacob Zeno,QB,UAB,Texas A&M
3984,Robby Ashford,QB,South Carolina,Wake Forest
3987,Hunter Zambrano,IOL,Illinois State,Texas Tech
3989,Redd Hibbler,EDGE,NC State,Mississippi State
3991,Kyndrich Breedlove,CB,Purdue,Arizona State
3993,Donavon Greene,WR,Wake Forest,Virginia Tech
3994,Gage Keys,DL,Auburn,Kansas
3996,Mahamane Moussa,IOL,Purdue,Louisville
3997,Justin Royes,OT,Virginia Union,UCF
4000,Keanu Koht,EDGE,Alabama,Vanderbilt
4001,Terry Webb,DL,Texas State,SMU
4002,Thomas Castellanos,QB,Boston College,Florida State
4003,Dean Connors,RB,Rice,Houston
4004,Evan Boyd,WR,Central Michigan,Michigan State
4013,Michael Flores,IOL,Old Dominion,Louisville
4020,Ayden Garnes,CB,West Virginia,Arizona
4027,Jordan Shaw,CB,Washington,Texas A&M
4033,Jaylon Edmond,CB,Washington State,Wake Forest
4035,Coleman Bryson,S,Minnesota,North Carolina
4036,Chase Wilson,LB,Colorado State,West Virginia
4037,Braden Siders,EDGE,Wyoming,West Virginia
4038,Carlos Hernandez,WR,Washington State,Wake Forest
4039,Percy Lewis,OT,Auburn,Ole Miss
4042,Micah Bell,WR,Vanderbilt,Georgia
4043,Zion Branch,S,USC,Georgia
4050,J'Onre Reed,IOL,Syracuse,USC
4051,Caden High,WR,South Carolina State,Stanford
4052,Derek Carter Jr.,CB,Jacksonville State,West Virginia
4059,Robby Martin,IOL,NC State,West Virginia
4062,Travis Shaw,DL,North Carolina,Texas
4063,Jeremiah Alexander,LB,Alabama,Clemson
4065,Emmanuel Pregnon,IOL,USC,Oregon
4067,James Brockermeyer,IOL,TCU,Miami
4076,Conner Moore,OT,Montana State,Michigan State
4079,Kevin Longstreet,CB,Texas A&M,USC
4080,King Mack,S,Alabama,Penn State
4090,Chandler Morris,QB,North Texas,Virginia
4092,Raylen Sharpe,WR,Fresno State,Arkansas
4094,Mi'Quise Humphrey-Grace,EDGE,South Dakota,Kentucky
4095,Tawee Walker,RB,Wisconsin,Cincinnati
4097,Jay'Vion Cole,CB,Texas,Arizona
4101,DJ Wingfield,IOL,Purdue,USC
4102,Geirean Hatchett,IOL,Oklahoma,Washington
4103,Jeffrey M'Ba,DL,Purdue,SMU
4104,Trip White,LB,Ole Miss,Oklahoma State
4106,Kimo Makane'ole,DL,LSU,West Virginia
4108,Zion Nelson,OT,Miami,SMU
4109,Alex Bauman,TE,Tulane,Miami
4115,Jayden Wayne,EDGE,Washington,California
4117,Jyaire Brown,CB,LSU,UCF
4119,Tony Grimes,CB,UNLV,Purdue
4127,Romello Height,EDGE,Georgia Tech,Texas Tech
4136,Ashaad Williams,CB,North Alabama,Wake Forest
4143,Harrison Bailey,QB,Louisville,Florida
4145,Makhi Hughes,RB,Tulane,Oregon
4146,Jaeden Moore,EDGE,Oregon,Pittsburgh
4147,Caleb Wooden,S,Auburn,Arkansas
4152,Markus Allen,WR,Eastern Michigan,Mississippi State
4159,Sterling Porcher,IOL,Texas Tech,Vanderbilt
4160,Sam Jackson V,WR,Auburn,Oklahoma State
4172,Jalen Catalon,S,UNLV,Missouri
4174,Jacob Horvath,P,Eastern Illinois,North Carolina
4176,Kahlil Benson,IOL,Colorado,Indiana
4177,Braydon Bennett,RB,Coastal Carolina,Virginia Tech
4182,Micheal Caraway Jr.,S,Southern Miss,Florida
4185,Trent Hudson,WR,Mississippi State,Vanderbilt
4193,Shiyazh Pete,OT,New Mexico State,Kentucky
4199,TJ Shanahan,IOL,Texas A&M,Penn State
4200,Cataurus Hicks,WR,Louisville,Pittsburgh
4208,Star Thomas,RB,Duke,Tennessee
4211,Tyler McMillan,OT,Southeast Missouri State,Illinois
4217,Mikai Gbayor,LB,Missouri,North Carolina
4224,Davonte Miles,DL,Bowling Green,South Carolina
4225,Grady Kelly,DL,Florida State,Michigan State
4229,Howard Sampson,OT,North Carolina,Texas Tech
4232,Monroe Mills,OT,Louisville,Virginia
4235,Jeff Roberson,LB,Oklahoma State,Minnesota
4239,Kris Hutson,WR,Washington State,Arizona
4240,D'Yoni Hill,CB,Miami,Wisconsin
4248,Pat Coogan,IOL,Notre Dame,Indiana
4251,Louis Moore,S,Ole Miss,Indiana
4252,Carson Beck,QB,Georgia,Miami
4253,Laquan Robinson,S,Auburn,Kansas
4255,Keontez Lewis,WR,Southern Illinois,Oklahoma
4256,Richard Toney Jr.,S,TCU,Purdue
4259,Jacob De Jesus,WR,UNLV,California
4266,JJ Johnson,S,Georgia State,NC State
4268,Mana Taimani,IOL,Ole Miss,Colorado
4271,Harrison Wallace III,WR,Penn State,Ole Miss
4274,Makylan Pounders,IOL,Mississippi State,Louisville
4284,Nikhai Hill-Green,LB,Colorado,Alabama
4286,Ryan Turner,CB,Boston College,Purdue
4288,Xavier Hill,IOL,Memphis,Colorado
4289,Justin Harrington,S,Washington,West Virginia
4290,Durell Robinson,RB,UConn,Auburn
4294,Sam Huard,QB,Utah,USC
4295,Adrian Maddox,S,UAB,Georgia
4296,Keagen Trost,OT,Wake Forest,Missouri
4301,D.J. Graham II,CB,Utah State,Kansas
4302,Joshua Donald,DL,App State,Houston
4304,O'Mega Blake,WR,Charlotte,Arkansas
4306,Oscar Hammond,TE,North Texas,Oklahoma State
4310,Reginald Hughes,LB,Jacksonville State,Colorado
4320,Will James,S,Southern Miss,Houston
4322,Tamarcus Cooley,S,NC State,LSU
4324,Charles Ross,WR,USC,Purdue
4325,Gavin Gibson,S,East Carolina,North Carolina
4339,Myles Norwood,CB,Ball State,South Carolina
4342,Jordan Spasojevic-Moko,IOL,Charlotte,California
4344,DT Sheffield,WR,North Texas,Rutgers
4345,Miguel Jackson,DL,Utah State,Northwestern
4353,Max Harris,LB,Texas State,Arizona
4354,Anterio Thompson,DL,Western Michigan,Washington
4358,Xavier Williams,S,Middle Tennessee,Cincinnati
4363,Jason Chambers,CB,App State,West Virginia
4365,Eli Sanders,RB,New Mexico,USC
4368,Mani Powell,LB,UNLV,Purdue
4372,Zarian McGill,IOL,Louisiana Tech,Colorado
4374,Isaia Glass,OT,Oklahoma State,Vanderbilt
4375,Cam Ross,WR,James Madison,Virginia
4382,Kameron Olds,EDGE,Kent State,Kentucky
4384,De'Zhaun Stribling,WR,Oklahoma State,Ole Miss
4388,Lajuan Owens,IOL,New Mexico,California
4399,Dontae Balfour,CB,Charlotte,Texas Tech
4402,Matthew Wykoff,IOL,California,Houston
4405,Robert Rahimi,S,San José State,SMU
4411,Joshua Braun,IOL,Arkansas,Kentucky
4416,Jay'viar Suggs,DL,LSU,Wisconsin
4419,McKenzie Agnello,OT,New Mexico,Houston
4422,CJ Campbell Jr.,RB,Florida Atlantic,Rutgers
4424,Carter Miller,IOL,UL Monroe,UCF
4429,Marcellus Marshall,IOL,UCF,Minnesota
4432,Xe'ree Alexander,LB,UCF,Washington
4435,Carmycah Glass,LB,Louisiana,Houston
4437,Jahmal Edrine,WR,Purdue,Virginia
4438,Fred Davis II,CB,Jacksonville State,Northwestern
4442,Jamier Johnson,CB,Indiana,UCLA
4445,Sterling Berkhalter,WR,Cincinnati,Wake Forest
4451,Omari Kelly,WR,Middle Tennessee,Michigan State
4452,Eric O'Neill,EDGE,James Madison,Rutgers
4461,Alex Harkey,OT,Texas State,Oregon
4462,Freddie Brock,RB,Georgia State,Oklahoma State
4463,Anthony Simpson,WR,Massachusetts,Michigan
4465,Kennedy Urlacher,S,Notre Dame,USC
4467,Zae Smith,DL,Houston Christian,California
4471,Ricky Fletcher,CB,South Alabama,Ole Miss
4474,Xavier Loyd,WR,Illinois State,Missouri
4478,Jaylan Knighton,RB,SMU,West Virginia
4483,Elijah St. John,DL,LIU Post,Purdue
4485,Shaun Myers,LB,North Alabama,Colorado
4486,Isaiah Augustave,RB,Colorado,South Carolina
4488,Kai Rios,TE,Indiana State,Michigan State
4489,Jordan Sanford,S,Texas Tech,California
